<?xml version="1.0" encoding="UTF-8"?>
<checkstyle-configurations file-format-version="1.0.0">
    <check-configuration name="Sun Checks">
        <rule-configuration
            classname="com.puppycrawl.tools.checkstyle.checks.ArrayTypeStyleCheck" severity="warning">
            <config-properties/>
        </rule-configuration>
        <rule-configuration
            classname="com.puppycrawl.tools.checkstyle.checks.AvoidInlineConditionalsCheck" severity="warning">
            <config-properties/>
        </rule-configuration>
        <rule-configuration
            classname="com.puppycrawl.tools.checkstyle.checks.AvoidNestedBlocksCheck" severity="warning">
            <config-properties/>
        </rule-configuration>
        <rule-configuration
            classname="com.puppycrawl.tools.checkstyle.checks.AvoidStarImportCheck" severity="warning">
            <config-properties/>
        </rule-configuration>
        <rule-configuration
            classname="com.puppycrawl.tools.checkstyle.checks.ConstantNameCheck" severity="warning">
            <config-properties/>
        </rule-configuration>
        <rule-configuration
            classname="com.puppycrawl.tools.checkstyle.checks.DesignForExtensionCheck" severity="ignore">
            <config-properties/>
        </rule-configuration>
        <rule-configuration
            classname="com.puppycrawl.tools.checkstyle.checks.DoubleCheckedLockingCheck" severity="warning">
            <config-properties/>
        </rule-configuration>
        <rule-configuration
            classname="com.puppycrawl.tools.checkstyle.checks.EmptyBlockCheck" severity="warning">
            <config-properties/>
        </rule-configuration>
        <rule-configuration
            classname="com.puppycrawl.tools.checkstyle.checks.EmptyForIteratorPadCheck" severity="warning">
            <config-properties/>
        </rule-configuration>
        <rule-configuration
            classname="com.puppycrawl.tools.checkstyle.checks.EmptyStatementCheck" severity="warning">
            <config-properties/>
        </rule-configuration>
        <rule-configuration
            classname="com.puppycrawl.tools.checkstyle.checks.EqualsHashCodeCheck" severity="warning">
            <config-properties/>
        </rule-configuration>
        <rule-configuration
            classname="com.puppycrawl.tools.checkstyle.checks.FileLengthCheck" severity="warning">
            <config-properties/>
        </rule-configuration>
        <rule-configuration
            classname="com.puppycrawl.tools.checkstyle.checks.FinalClassCheck" severity="warning">
            <config-properties/>
        </rule-configuration>
        <rule-configuration
            classname="com.puppycrawl.tools.checkstyle.checks.FinalParametersCheck" severity="ignore">
            <config-properties>
                <config-property name="tokens" value="METHOD_DEF, CTOR_DEF"/>
            </config-properties>
        </rule-configuration>
        <rule-configuration
            classname="com.puppycrawl.tools.checkstyle.checks.GenericIllegalRegexpCheck" severity="warning">
            <config-properties>
                <config-property name="format" value="\s+$"/>
                <config-property name="message" value="Line has trailing spaces."/>
            </config-properties>
        </rule-configuration>
        <rule-configuration
            classname="com.puppycrawl.tools.checkstyle.checks.HiddenFieldCheck" severity="warning">
            <config-properties/>
        </rule-configuration>
        <rule-configuration
            classname="com.puppycrawl.tools.checkstyle.checks.HideUtilityClassConstructorCheck" severity="warning">
            <config-properties/>
        </rule-configuration>
        <rule-configuration
            classname="com.puppycrawl.tools.checkstyle.checks.IllegalImportCheck" severity="warning">
            <config-properties/>
        </rule-configuration>
        <rule-configuration
            classname="com.puppycrawl.tools.checkstyle.checks.IllegalInstantiationCheck" severity="warning">
            <config-properties/>
        </rule-configuration>
        <rule-configuration
            classname="com.puppycrawl.tools.checkstyle.checks.InnerAssignmentCheck" severity="warning">
            <config-properties/>
        </rule-configuration>
        <rule-configuration
            classname="com.puppycrawl.tools.checkstyle.checks.InterfaceIsTypeCheck" severity="warning">
            <config-properties/>
        </rule-configuration>
        <rule-configuration
            classname="com.puppycrawl.tools.checkstyle.checks.JavadocMethodCheck" severity="warning">
            <config-properties>
                <config-property name="allowMissingParamTags" value="false"/>
                <config-property name="allowMissingReturnTag" value="false"/>
                <config-property name="allowMissingThrowsTags" value="false"/>
                <config-property name="allowThrowsTagsForSubclasses" value="false"/>
                <config-property name="allowUndeclaredRTE" value="false"/>
                <config-property name="scope" value="package"/>
                <config-property name="tokens" value="METHOD_DEF, CTOR_DEF"/>
            </config-properties>
        </rule-configuration>
        <rule-configuration
            classname="com.puppycrawl.tools.checkstyle.checks.JavadocTypeCheck" severity="warning">
            <config-properties/>
        </rule-configuration>
        <rule-configuration
            classname="com.puppycrawl.tools.checkstyle.checks.JavadocVariableCheck" severity="warning">
            <config-properties>
                <config-property name="scope" value="package"/>
            </config-properties>
        </rule-configuration>
        <rule-configuration
            classname="com.puppycrawl.tools.checkstyle.checks.LeftCurlyCheck" severity="warning">
            <config-properties>
                <config-property name="maxLineLength" value="120"/>
                <config-property name="option" value="nl"/>
                <config-property name="tokens" value="CLASS_DEF, CTOR_DEF, INTERFACE_DEF, LITERAL_CATCH, LITERAL_DO, LITERAL_ELSE, LITERAL_FINALLY, LITERAL_FOR, LITERAL_IF, LITERAL_SWITCH, LITERAL_SYNCHRONIZED, LITERAL_TRY, LITERAL_WHILE, METHOD_DEF"/>
            </config-properties>
        </rule-configuration>
        <rule-configuration
            classname="com.puppycrawl.tools.checkstyle.checks.LineLengthCheck" severity="warning">
            <config-properties>
                <config-property name="ignorePattern" value="^$"/>
                <config-property name="max" value="120"/>
                <config-property name="tabWidth" value="4"/>
            </config-properties>
        </rule-configuration>
        <rule-configuration
            classname="com.puppycrawl.tools.checkstyle.checks.LocalFinalVariableNameCheck" severity="warning">
            <config-properties/>
        </rule-configuration>
        <rule-configuration
            classname="com.puppycrawl.tools.checkstyle.checks.LocalVariableNameCheck" severity="warning">
            <config-properties/>
        </rule-configuration>
        <rule-configuration
            classname="com.puppycrawl.tools.checkstyle.checks.MagicNumberCheck" severity="warning">
            <config-properties/>
        </rule-configuration>
        <rule-configuration
            classname="com.puppycrawl.tools.checkstyle.checks.MemberNameCheck" severity="warning">
            <config-properties>
                <config-property name="format" value="^_[a-z][a-zA-Z0-9]*$"/>
            </config-properties>
        </rule-configuration>
        <rule-configuration
            classname="com.puppycrawl.tools.checkstyle.checks.MethodLengthCheck" severity="warning">
            <config-properties/>
        </rule-configuration>
        <rule-configuration
            classname="com.puppycrawl.tools.checkstyle.checks.MethodNameCheck" severity="warning">
            <config-properties/>
        </rule-configuration>
        <rule-configuration
            classname="com.puppycrawl.tools.checkstyle.checks.MissingSwitchDefaultCheck" severity="warning">
            <config-properties/>
        </rule-configuration>
        <rule-configuration
            classname="com.puppycrawl.tools.checkstyle.checks.ModifierOrderCheck" severity="warning">
            <config-properties/>
        </rule-configuration>
        <rule-configuration
            classname="com.puppycrawl.tools.checkstyle.checks.NeedBracesCheck" severity="warning">
            <config-properties/>
        </rule-configuration>
        <rule-configuration
            classname="com.puppycrawl.tools.checkstyle.checks.NoWhitespaceAfterCheck" severity="warning">
            <config-properties/>
        </rule-configuration>
        <rule-configuration
            classname="com.puppycrawl.tools.checkstyle.checks.NoWhitespaceBeforeCheck" severity="warning">
            <config-properties/>
        </rule-configuration>
        <rule-configuration
            classname="com.puppycrawl.tools.checkstyle.checks.OperatorWrapCheck" severity="warning">
            <config-properties/>
        </rule-configuration>
        <rule-configuration
            classname="com.puppycrawl.tools.checkstyle.checks.PackageNameCheck" severity="warning">
            <config-properties/>
        </rule-configuration>
        <rule-configuration
            classname="com.puppycrawl.tools.checkstyle.checks.ParameterNameCheck" severity="warning">
            <config-properties/>
        </rule-configuration>
        <rule-configuration
            classname="com.puppycrawl.tools.checkstyle.checks.ParameterNumberCheck" severity="warning">
            <config-properties/>
        </rule-configuration>
        <rule-configuration
            classname="com.puppycrawl.tools.checkstyle.checks.ParenPadCheck" severity="warning">
            <config-properties/>
        </rule-configuration>
        <rule-configuration
            classname="com.puppycrawl.tools.checkstyle.checks.RedundantImportCheck" severity="warning">
            <config-properties/>
        </rule-configuration>
        <rule-configuration
            classname="com.puppycrawl.tools.checkstyle.checks.RedundantModifierCheck" severity="warning">
            <config-properties/>
        </rule-configuration>
        <rule-configuration
            classname="com.puppycrawl.tools.checkstyle.checks.RedundantThrowsCheck" severity="warning">
            <config-properties/>
        </rule-configuration>
        <rule-configuration
            classname="com.puppycrawl.tools.checkstyle.checks.RightCurlyCheck" severity="warning">
            <config-properties>
                <config-property name="option" value="alone"/>
                <config-property name="tokens" value="LITERAL_CATCH, LITERAL_ELSE, LITERAL_TRY"/>
            </config-properties>
        </rule-configuration>
        <rule-configuration
            classname="com.puppycrawl.tools.checkstyle.checks.SimplifyBooleanExpressionCheck" severity="warning">
            <config-properties/>
        </rule-configuration>
        <rule-configuration
            classname="com.puppycrawl.tools.checkstyle.checks.SimplifyBooleanReturnCheck" severity="warning">
            <config-properties/>
        </rule-configuration>
        <rule-configuration
            classname="com.puppycrawl.tools.checkstyle.checks.StaticVariableNameCheck" severity="warning">
            <config-properties/>
        </rule-configuration>
        <rule-configuration
            classname="com.puppycrawl.tools.checkstyle.checks.TabCharacterCheck" severity="warning">
            <config-properties/>
        </rule-configuration>
        <rule-configuration
            classname="com.puppycrawl.tools.checkstyle.checks.TodoCommentCheck" severity="warning">
            <config-properties/>
        </rule-configuration>
        <rule-configuration
            classname="com.puppycrawl.tools.checkstyle.checks.TypeNameCheck" severity="warning">
            <config-properties/>
        </rule-configuration>
        <rule-configuration
            classname="com.puppycrawl.tools.checkstyle.checks.UnusedImportsCheck" severity="warning">
            <config-properties/>
        </rule-configuration>
        <rule-configuration
            classname="com.puppycrawl.tools.checkstyle.checks.UpperEllCheck" severity="warning">
            <config-properties/>
        </rule-configuration>
        <rule-configuration
            classname="com.puppycrawl.tools.checkstyle.checks.VisibilityModifierCheck" severity="warning">
            <config-properties/>
        </rule-configuration>
        <rule-configuration
            classname="com.puppycrawl.tools.checkstyle.checks.WhitespaceAfterCheck" severity="warning">
            <config-properties/>
        </rule-configuration>
        <rule-configuration
            classname="com.puppycrawl.tools.checkstyle.checks.WhitespaceAroundCheck" severity="warning">
            <config-properties/>
        </rule-configuration>
    </check-configuration>
</checkstyle-configurations>
